"country","iso3","components","currency","start_date_observations","end_date_observations","number_of_markets_modeled","number_of_markets_covered","number_of_food_items","number_of_observations_food","number_of_observations_other","data_coverage_food","data_coverage_previous_12_months_food","total_food_price_increase_since_start_date","average_annualized_food_inflation","maximum_food_drawdown","average_annualized_food_volatility","average_monthly_food_price_correlation_between_markets","average_annual_food_price_correlation_between_markets","Rsquared_individual_food_items","Rsquared_individual_other_items","index_confidence_score","imputation_model"
"Afghanistan","AFG","Bread (1 KG, Index Weight = 1), Rice (Low Quality) (1 KG, Index Weight = 1), Wheat (1 KG, Index Weight = 1)","AFN","Jan 2007","Sep 2024",40,40,3,"bread: 2604, rice: 3092, wheat: 3080","exchange_rate_wfp: 2341, fuel_diesel: 2365, wage_non_qualified_labour_non_agricultural: 2021, wage_qualified_labour: 2070","34.33%","82.01%","142.78%","5.15%","-41.01%","7.87%",0.58,0.86,"bread: 0.93, rice: 0.9, wheat: 0.94","exchange_rate_wfp: 1, fuel_diesel: 0.97, wage_non_qualified_labour_non_agricultural: 0.96, wage_qualified_labour: 0.98",0.93,"bread: cubist (Andree, 2021), rice: two-stage cubist (Andree and Pape, 2023), wheat: two-stage cubist (Andree and Pape, 2023), bread: cubist (Andree, 2021), rice: two-stage cubist (Andree and Pape, 2023), wheat: two-stage cubist (Andree and Pape, 2023), bread: cubist (Andree, 2021)"
"Armenia","ARM","Apples (Red) (1 KG, Index Weight = 1), Bread (High Grade Flour) (1 KG, Index Weight = 1), Cabbage (1 KG, Index Weight = 1), Carrots (1 KG, Index Weight = 1), Cheese (Dry) (1 KG, Index Weight = 1), Cucumbers (Greenhouse) (1 KG, Index Weight = 1), Eggs (1 Unit, Index Weight = 12), Fish (Fresh) (1 KG, Index Weight = 1), Lentils (1 KG, Index Weight = 1), Meat (Beef) (1 KG, Index Weight = 1), Meat (Chicken) (1 KG, Index Weight = 1), Meat (Pork) (1 KG, Index Weight = 1), Milk (1 L, Index Weight = 1), Oil (Vegetable) (1 L, Index Weight = 1), Onions (1 KG, Index Weight = 1), Pasta (1 KG, Index Weight = 1), Potatoes (1 KG, Index Weight = 1), Rice (White) (1 KG, Index Weight = 1), Sugar (1 KG, Index Weight = 1), Tomatoes (1 KG, Index Weight = 1), Wheat Flour (1 KG, Index Weight = 1)","AMD","Nov 2008","Jul 2024",14,14,21,"apples: 1330, bread: 1334, cabbage: 1337, carrots: 1333, cheese: 1326, cucumbers: 1331, eggs: 1340, fish: 1314, lentils: 1333, meat_beef: 1333, meat_chicken: 1324, meat_pork: 1333, milk: 1308, oil: 1340, onions: 1336, pasta: 1331, potatoes: 1333, rice: 1394, sugar: 1331, tomatoes: 1329, wheat_flour: 1392","fuel_diesel: 1270, fuel_petrol_gasoline: 1352","47.49%","71.32%","4.82%","0.28%","-24.92%","8.33%",0.83,0.92,"apples: 0.91, bread: 0.98, cabbage: 0.94, carrots: 0.93, cheese: 0.99, cucumbers: 0.87, eggs: 0.99, fish: 0.99, lentils: 0.97, meat_beef: 0.99, meat_chicken: 0.98, meat_pork: 0.99, milk: 0.98, oil: 0.98, onions: 0.95, pasta: 0.97, potatoes: 0.95, rice: 0.98, sugar: 0.98, tomatoes: 0.9, wheat_flour: 0.98","fuel_diesel: 0.99, fuel_petrol_gasoline: 0.99",0.98,"apples: cubist (Andree, 2021), bread: cubist (Andree, 2021), cabbage: cubist (Andree, 2021), carrots: cubist (Andree, 2021), cheese: cubist (Andree, 2021), cucumbers: cubist (Andree, 2021), eggs: cubist (Andree, 2021), fish: cubist (Andree, 2021), lentils: cubist (Andree, 2021), meat_beef: cubist (Andree, 2021), meat_chicken: cubist (Andree, 2021), meat_pork: cubist (Andree, 2021), milk: cubist (Andree, 2021), oil: cubist (Andree, 2021), onions: cubist (Andree, 2021), pasta: cubist (Andree, 2021), potatoes: cubist (Andree, 2021), rice: cubist (Andree, 2021), sugar: cubist (Andree, 2021), tomatoes: cubist (Andree, 2021), wheat_flour: cubist (Andree, 2021), apples: cubist (Andree, 2021), bread: cubist (Andree, 2021)"
"Burundi","BDI","Bananas (1 KG, Index Weight = 1), Beans (1 KG, Index Weight = 1), Cassava Flour (1 KG, Index Weight = 1), Maize (White) (1 KG, Index Weight = 1), Maize Flour (1 KG, Index Weight = 1), Meat (Goat) (1 KG, Index Weight = 1), Onions (1 KG, Index Weight = 1), Sweet Potatoes (1 KG, Index Weight = 1), Rice (Low Quality, Local) (1 KG, Index Weight = 1), Tomatoes (1 KG, Index Weight = 1)","BIF","Jan 2007","Aug 2024",73,73,10,"bananas: 6185, beans: 6822, cassava_flour: 6777, maize: 6379, maize_flour: 5950, meat_goat: 5944, onions: 6281, potatoes: 6767, rice: 6591, tomatoes: 6269",": ","41.14%","80.61%","300.63%","8.17%","-33.43%","12.69%",0.59,0.8,"bananas: 0.88, beans: 0.9, cassava_flour: 0.9, maize: 0.88, maize_flour: 0.93, meat_goat: 0.97, onions: 0.81, potatoes: 0.84, rice: 0.95, tomatoes: 0.8",": ",0.9,"bananas: two-stage cubist (Andree and Pape, 2023), beans: cubist (Andree, 2021), cassava_flour: cubist (Andree, 2021), maize: cubist (Andree, 2021), maize_flour: two-stage cubist (Andree and Pape, 2023), meat_goat: two-stage cubist (Andree and Pape, 2023), onions: two-stage cubist (Andree and Pape, 2023), potatoes: cubist (Andree, 2021), rice: cubist (Andree, 2021), tomatoes: two-stage cubist (Andree and Pape, 2023)"
"Burkina Faso","BFA","Maize (White) (1 KG, Index Weight = 1), Millet (1 KG, Index Weight = 1), Sorghum (White) (1 KG, Index Weight = 1)","XOF","Jan 2007","Jul 2024",64,64,3,"maize: 7247, millet: 8327, sorghum: 7895",": ","57.39%","73.78%","252.97%","7.4%","-37.78%","13.34%",0.55,0.81,"maize: 0.85, millet: 0.83, sorghum: 0.83",": ",0.84,"maize: cubist (Andree, 2021), millet: cubist (Andree, 2021), sorghum: cubist (Andree, 2021)"
"Bangladesh","BGD","Lentils (Masur) (1 KG, Index Weight = 1), Oil (Palm) (1 L, Index Weight = 1), Wheat Flour (1 KG, Index Weight = 1)","BDT","Jan 2007","Jul 2024",73,73,3,"lentils: 2956, oil: 3450, wheat_flour: 3627",": ","21.51%","69.9%","127.57%","4.76%","-30.3%","7.48%",0.84,0.97,"lentils: 0.94, oil: 0.96, wheat_flour: 0.97",": ",0.96,"lentils: cubist (Andree, 2021), oil: cubist (Andree, 2021), wheat_flour: cubist (Andree, 2021)"
"Central African Republic","CAF","Cassava (Cossette) (1 KG, Index Weight = 1), Maize (1 KG, Index Weight = 1), Meat (Beef) (1 KG, Index Weight = 1), Oil (Palm) (1 L, Index Weight = 1), Rice (1 KG, Index Weight = 1), Sesame (1 KG, Index Weight = 1)","XAF","Jan 2007","Jun 2024",42,42,6,"cassava: 2625, maize: 2370, meat_beef: 2502, oil: 2330, rice: 2512, sesame: 1837",": ","26.41%","51.16%","135.31%","4.96%","-19.88%","11.68%",0.35,0.67,"cassava: 0.9, maize: 0.89, meat_beef: 0.95, oil: 0.74, rice: 0.9, sesame: 0.68",": ",0.87,"cassava: cubist (Andree, 2021), maize: cubist (Andree, 2021), meat_beef: cubist (Andree, 2021), oil: two-stage cubist (Andree and Pape, 2023), rice: cubist (Andree, 2021), sesame: two-stage cubist (Andree and Pape, 2023)"
"Cameroon","CMR","Bananas (12 KG, Index Weight = 0.08), Cassava (Fresh) (5 KG, Index Weight = 0.2), Fish (Mackerel, Fresh) (1 KG, Index Weight = 1), Maize (White) (1 KG, Index Weight = 1), Meat (Beef) (1 KG, Index Weight = 1), Oil (Palm) (1 L, Index Weight = 1), Rice (Long Grain, Imported) (1 KG, Index Weight = 1), Sorghum (Red) (100 KG, Index Weight = 0.01), Wheat Flour (1 KG, Index Weight = 1)","XAF","Apr 2010","Jul 2024",83,83,9,"bananas: 684, cassava: 684, fish_mackerel: 1832, maize: 1527, meat_beef: 2277, oil: 2046, rice: 2391, sorghum: 671, wheat_flour: 1184",": ","10.23%","20.78%","32.36%","1.96%","-7.3%","1.96%",0.21,0.69,"bananas: 0.96, cassava: 0.95, fish_mackerel: 0.97, maize: 0.95, meat_beef: 0.98, oil: 0.95, rice: 0.97, sorghum: 0.99, wheat_flour: 0.98",": ",0.97,"bananas: two-stage cubist (Andree and Pape, 2023), cassava: two-stage cubist (Andree and Pape, 2023), fish_mackerel: two-stage cubist (Andree and Pape, 2023), maize: two-stage cubist (Andree and Pape, 2023), meat_beef: two-stage cubist (Andree and Pape, 2023), oil: two-stage cubist (Andree and Pape, 2023), rice: two-stage cubist (Andree and Pape, 2023), sorghum: two-stage cubist (Andree and Pape, 2023), wheat_flour: two-stage cubist (Andree and Pape, 2023)"
"Congo, Dem. Rep.","COD","Beans (1 KG, Index Weight = 1), Cassava (Cossette) (1 KG, Index Weight = 1), Cassava Flour (1 KG, Index Weight = 1), Fish (Fresh) (1 KG, Index Weight = 1), Fish (Salted) (1 KG, Index Weight = 1), Fish (Smoked) (1 KG, Index Weight = 1), Maize (1 KG, Index Weight = 1), Maize Meal (1 KG, Index Weight = 1), Meat (Beef) (1 KG, Index Weight = 1), Meat (Chicken) (1 KG, Index Weight = 1), Meat (Goat, With Bones) (1 KG, Index Weight = 1), Oil (Palm) (1 L, Index Weight = 1), Plantains (1 KG, Index Weight = 1), Rice (Local) (1 KG, Index Weight = 1), Salt (1 KG, Index Weight = 1), Sugar (1 KG, Index Weight = 1), Wheat Flour (1 KG, Index Weight = 1)","CDF","Jan 2007","Nov 2023",107,107,17,"beans: 3675, cassava: 2965, cassava_flour: 3647, fish: 2960, fish_salted: 2661, fish_smoked: 2765, maize: 3492, maize_meal: 3269, meat_beef: 2697, meat_chicken: 1545, meat_goat: 2704, oil: 3839, plantains: 3075, rice: 3367, salt: 3327, sugar: 3359, wheat_flour: 2138","exchange_rate_wfp: 2977","13.29%","6.84%","276.02%","7.79%","-12.1%","7.55%",0.25,0.66,"beans: 0.92, cassava: 0.93, cassava_flour: 0.93, fish: 0.94, fish_salted: 0.95, fish_smoked: 0.95, maize: 0.9, maize_meal: 0.92, meat_beef: 0.97, meat_chicken: 0.95, meat_goat: 0.97, oil: 0.88, plantains: 0.91, rice: 0.93, salt: 0.92, sugar: 0.93, wheat_flour: 0.94","exchange_rate_wfp: 0.98",0.94,"beans: cubist (Andree, 2021), cassava: cubist (Andree, 2021), cassava_flour: cubist (Andree, 2021), fish: two-stage cubist (Andree and Pape, 2023), fish_salted: cubist (Andree, 2021), fish_smoked: cubist (Andree, 2021), maize: cubist (Andree, 2021), maize_meal: two-stage cubist (Andree and Pape, 2023), meat_beef: cubist (Andree, 2021), meat_chicken: two-stage cubist (Andree and Pape, 2023), meat_goat: cubist (Andree, 2021), oil: cubist (Andree, 2021), plantains: two-stage cubist (Andree and Pape, 2023), rice: cubist (Andree, 2021), salt: cubist (Andree, 2021), sugar: cubist (Andree, 2021), wheat_flour: cubist (Andree, 2021), beans: cubist (Andree, 2021)"
"Congo, Rep.","COG","Beans (White) (1 KG, Index Weight = 1), Cassava Flour (1 KG, Index Weight = 1), Oil (Vegetable) (1 L, Index Weight = 1), Rice (Mixed, Low Quality) (1 KG, Index Weight = 1)","XAF","Jan 2011","Jan 2024",13,13,4,"beans: 694, cassava_flour: 620, oil: 535, rice: 709",": ","29.81%","7.37%","24.48%","1.62%","-16.95%","10.29%",0.54,0.62,"beans: 0.88, cassava_flour: 0.82, oil: 0.79, rice: 0.84",": ",0.84,"beans: two-stage cubist (Andree and Pape, 2023), cassava_flour: two-stage cubist (Andree and Pape, 2023), oil: two-stage cubist (Andree and Pape, 2023), rice: two-stage cubist (Andree and Pape, 2023)"
"Guinea","GIN","Beans (Niebe, White) (1 KG, Index Weight = 1), Bread (1 Unit, Index Weight = 1), Cassava Meal (Gari) (1 KG, Index Weight = 1), Maize (1 KG, Index Weight = 1), Meat (Beef) (1 KG, Index Weight = 1), Oil (Palm) (1 L, Index Weight = 1), Onions (Imported) (1 KG, Index Weight = 1), Potatoes (1 KG, Index Weight = 1), Rice (Local) (1 KG, Index Weight = 1), Salt (1 KG, Index Weight = 1), Sugar (1 KG, Index Weight = 1), Tomatoes (1 KG, Index Weight = 1)","GNF","Apr 2009","Oct 2023",19,19,12,"beans: 1058, bread: 1010, cassava_meal: 906, maize: 884, meat_beef: 1096, oil: 1213, onions: 562, potatoes: 907, rice: 1393, salt: 786, sugar: 1023, tomatoes: 834",": ","27.52%","5.19%","126.73%","5.45%","-9.69%","4.58%",0.26,0.53,"beans: 0.86, bread: 0.97, cassava_meal: 0.9, maize: 0.85, meat_beef: 0.98, oil: 0.89, onions: 0.79, potatoes: 0.89, rice: 0.95, salt: 0.92, sugar: 0.94, tomatoes: 0.82",": ",0.91,"beans: cubist (Andree, 2021), bread: cubist (Andree, 2021), cassava_meal: cubist (Andree, 2021), maize: two-stage cubist (Andree and Pape, 2023), meat_beef: cubist (Andree, 2021), oil: cubist (Andree, 2021), onions: two-stage cubist (Andree and Pape, 2023), potatoes: cubist (Andree, 2021), rice: cubist (Andree, 2021), salt: cubist (Andree, 2021), sugar: cubist (Andree, 2021), tomatoes: cubist (Andree, 2021)"
"Gambia, The","GMB","Apples (Red) (1 KG, Index Weight = 1), Bananas (1 KG, Index Weight = 1), Beans (Dry) (1 KG, Index Weight = 1), Bread (1 KG, Index Weight = 1), Cabbage (1 KG, Index Weight = 1), Carrots (1 KG, Index Weight = 1), Cassava (1 KG, Index Weight = 1), Coffee (Instant) (1 Unit, Index Weight = 1), Eggs (1 Unit, Index Weight = 12), Fish (Bonga) (1 KG, Index Weight = 1), Garlic (1 KG, Index Weight = 1), Groundnuts (Shelled) (1 KG, Index Weight = 1), Maize (1 KG, Index Weight = 1), Meat (Beef) (1 KG, Index Weight = 1), Meat (Chicken) (1 KG, Index Weight = 1), Milk (1 KG, Index Weight = 1), Millet (1 KG, Index Weight = 1), Oil (Vegetable) (1 L, Index Weight = 1), Onions (1 KG, Index Weight = 1), Oranges (Big Size) (1 KG, Index Weight = 1), Potatoes (Irish) (1 KG, Index Weight = 1), Rice (Small Grain, Imported) (1 KG, Index Weight = 1), Salt (1 KG, Index Weight = 1), Sugar (1 KG, Index Weight = 1), Tea (1 Unit, Index Weight = 1), Tomatoes (1 KG, Index Weight = 1)","GMD","Jan 2007","Dec 2023",28,28,26,"apples: 1645, bananas: 1646, beans: 1712, bread: 1731, cabbage: 1804, carrots: 1818, cassava: 1532, coffee_instant: 1146, eggs: 1715, fish: 1789, garlic: 1647, groundnuts: 3125, maize: 1383, meat_beef: 1680, meat_chicken: 1701, milk: 1556, millet: 2997, oil: 1815, onions: 1803, oranges: 1583, potatoes: 1730, rice: 3440, salt: 1789, sugar: 1807, tea: 1631, tomatoes: 1802","fuel_diesel: 1812, fuel_petrol_gasoline: 1785","30.97%","23.84%","219.67%","6.8%","-18.6%","6.71%",0.53,0.84,"apples: 0.95, bananas: 0.92, beans: 0.91, bread: 0.92, cabbage: 0.85, carrots: 0.85, cassava: 0.9, coffee_instant: 0.94, eggs: 0.97, fish: 0.89, garlic: 0.9, groundnuts: 0.88, maize: 0.92, meat_beef: 0.97, meat_chicken: 0.93, milk: 0.89, millet: 0.84, oil: 0.95, onions: 0.92, oranges: 0.92, potatoes: 0.92, rice: 0.93, salt: 0.96, sugar: 0.94, tea: 0.95, tomatoes: 0.87","fuel_diesel: 0.98, fuel_petrol_gasoline: 0.98",0.94,"apples: two-stage cubist (Andree and Pape, 2023), bananas: two-stage cubist (Andree and Pape, 2023), beans: two-stage cubist (Andree and Pape, 2023), bread: two-stage cubist (Andree and Pape, 2023), cabbage: two-stage cubist (Andree and Pape, 2023), carrots: two-stage cubist (Andree and Pape, 2023), cassava: two-stage cubist (Andree and Pape, 2023), coffee_instant: two-stage cubist (Andree and Pape, 2023), eggs: two-stage cubist (Andree and Pape, 2023), fish: two-stage cubist (Andree and Pape, 2023), garlic: two-stage cubist (Andree and Pape, 2023), groundnuts: two-stage cubist (Andree and Pape, 2023), maize: two-stage cubist (Andree and Pape, 2023), meat_beef: cubist (Andree, 2021), meat_chicken: two-stage cubist (Andree and Pape, 2023), milk: two-stage cubist (Andree and Pape, 2023), millet: two-stage cubist (Andree and Pape, 2023), oil: two-stage cubist (Andree and Pape, 2023), onions: cubist (Andree, 2021), oranges: two-stage cubist (Andree and Pape, 2023), potatoes: two-stage cubist (Andree and Pape, 2023), rice: two-stage cubist (Andree and Pape, 2023), salt: two-stage cubist (Andree and Pape, 2023), sugar: cubist (Andree, 2021), tea: two-stage cubist (Andree and Pape, 2023), tomatoes: two-stage cubist (Andree and Pape, 2023), apples: two-stage cubist (Andree and Pape, 2023), bananas: two-stage cubist (Andree and Pape, 2023)"
"Guinea-Bissau","GNB","Millet (1 KG, Index Weight = 1), Oil (Vegetable, Imported) (1 L, Index Weight = 1), Rice (Imported) (1 KG, Index Weight = 1), Sugar (1 KG, Index Weight = 1)","XOF","Jun 2007","Aug 2024",45,45,4,"millet: 1304, oil: 2366, rice: 2319, sugar: 2342",": ","21.73%","76.16%","54.99%","2.51%","-22.31%","9%",0.64,0.9,"millet: 0.69, oil: 0.94, rice: 0.93, sugar: 0.88",": ",0.89,"millet: two-stage cubist (Andree and Pape, 2023), oil: cubist (Andree, 2021), rice: cubist (Andree, 2021), sugar: cubist (Andree, 2021)"
"Haiti","HTI","Beans (Black) (1 Marmite, Index Weight = 0.37), Maize Meal (Local) (1 Marmite, Index Weight = 0.37), Oil (Vegetable, Imported) (1 Gallon, Index Weight = 0.26), Pasta (350 G, Index Weight = 2.86), Rice (Tchako) (1 Marmite, Index Weight = 0.37), Sorghum (1 Marmite, Index Weight = 0.37), Sugar (White) (1 Marmite, Index Weight = 0.37), Wheat Flour (Imported) (1 Marmite, Index Weight = 0.37)","HTG","Jan 2007","May 2024",9,9,8,"beans: 1265, maize_meal: 1817, oil: 1149, pasta: 647, rice: 1367, sorghum: 803, sugar: 829, wheat_flour: 1820",": ","63.23%","51.39%","540.58%","11.08%","-21.77%","9.59%",0.54,0.94,"beans: 0.93, maize_meal: 0.91, oil: 0.96, pasta: 0.96, rice: 0.95, sorghum: 0.93, sugar: 0.95, wheat_flour: 0.93",": ",0.95,"beans: cubist (Andree, 2021), maize_meal: cubist (Andree, 2021), oil: cubist (Andree, 2021), pasta: two-stage cubist (Andree and Pape, 2023), rice: cubist (Andree, 2021), sorghum: two-stage cubist (Andree and Pape, 2023), sugar: two-stage cubist (Andree and Pape, 2023), wheat_flour: cubist (Andree, 2021)"
"Indonesia","IDN","Chili (Red, Large) (1 KG, Index Weight = 1), Rice (1 KG, Index Weight = 1)","IDR","Jan 2007","May 2024",215,215,2,"chili: 9379, rice: 11608",": ","22.91%","38.68%","97.11%","3.92%","-45.37%","19.69%",0.46,0.78,"chili: 0.78, rice: 0.96",": ",0.9,"chili: two-stage cubist (Andree and Pape, 2023), rice: two-stage cubist (Andree and Pape, 2023)"
"Iraq","IRQ","Beans (White) (1 KG, Index Weight = 1), Bread (Khoboz) (1 Unit, Index Weight = 1), Cheese (Local) (1 KG, Index Weight = 1), Dates (1 KG, Index Weight = 1), Eggs (1 Unit, Index Weight = 12), Fish (1 KG, Index Weight = 1), Lentils (1 KG, Index Weight = 1), Meat (Beef) (1 KG, Index Weight = 1), Meat (Chicken) (1 KG, Index Weight = 1), Milk (Powder) (1 KG, Index Weight = 1), Oil (Vegetable) (1 L, Index Weight = 1), Potatoes (1 KG, Index Weight = 1), Rice (1 KG, Index Weight = 1), Salt (Iodised) (1 KG, Index Weight = 1), Sugar (1 KG, Index Weight = 1), Tea (1 KG, Index Weight = 1), Tomatoes (1 KG, Index Weight = 1), Wheat Flour (1 KG, Index Weight = 1)","IQD","Jan 2012","Sep 2024",20,20,18,"beans: 1598, bread: 2094, cheese: 1592, dates: 1534, eggs: 1630, fish: 1625, lentils: 1622, meat_beef: 1543, meat_chicken: 1626, milk: 1603, oil: 2284, potatoes: 1624, rice: 2214, salt: 1403, sugar: 2332, tea: 1516, tomatoes: 1619, wheat_flour: 2168","fuel_gas: 1146, fuel_kerosene: 1314, fuel_petrol_gasoline: 739, wage_non_qualified_labour: 1079","57.42%","91.23%","20.24%","1.47%","-13.42%","3.31%",0.2,0.39,"beans: 0.97, bread: 0.98, cheese: 0.97, dates: 0.93, eggs: 0.98, fish: 0.95, lentils: 0.95, meat_beef: 0.98, meat_chicken: 0.95, milk: 0.96, oil: 0.96, potatoes: 0.94, rice: 0.96, salt: 0.96, sugar: 0.95, tea: 0.98, tomatoes: 0.91, wheat_flour: 0.94","fuel_gas: 0.99, fuel_kerosene: 0.97, fuel_petrol_gasoline: 0.98, wage_non_qualified_labour: 0.98",0.97,"beans: two-stage cubist (Andree and Pape, 2023), bread: cubist (Andree, 2021), cheese: two-stage cubist (Andree and Pape, 2023), dates: two-stage cubist (Andree and Pape, 2023), eggs: two-stage cubist (Andree and Pape, 2023), fish: two-stage cubist (Andree and Pape, 2023), lentils: two-stage cubist (Andree and Pape, 2023), meat_beef: two-stage cubist (Andree and Pape, 2023), meat_chicken: two-stage cubist (Andree and Pape, 2023), milk: two-stage cubist (Andree and Pape, 2023), oil: two-stage cubist (Andree and Pape, 2023), potatoes: two-stage cubist (Andree and Pape, 2023), rice: two-stage cubist (Andree and Pape, 2023), salt: cubist (Andree, 2021), sugar: two-stage cubist (Andree and Pape, 2023), tea: cubist (Andree, 2021), tomatoes: two-stage cubist (Andree and Pape, 2023), wheat_flour: cubist (Andree, 2021), beans: two-stage cubist (Andree and Pape, 2023), bread: two-stage cubist (Andree and Pape, 2023), cheese: two-stage cubist (Andree and Pape, 2023), dates: cubist (Andree, 2021)"
"Kenya","KEN","Beans (Dry) (1 KG, Index Weight = 1), Maize (White) (1 KG, Index Weight = 1), Oil (Vegetable) (1 L, Index Weight = 1), Potatoes (Irish) (50 KG, Index Weight = 0.02), Sorghum (90 KG, Index Weight = 0.01)","KES","Jan 2007","Aug 2024",62,62,5,"beans: 930, maize: 1032, oil: 709, potatoes: 686, sorghum: 683",": ","6.12%","6.05%","108.15%","4.24%","-26.84%","10.99%",0.85,0.97,"beans: 0.91, maize: 0.99, oil: 0.93, potatoes: 0.89, sorghum: 0.98",": ",0.96,"beans: cubist (Andree, 2021), maize: two-stage cubist (Andree and Pape, 2023), oil: cubist (Andree, 2021), potatoes: two-stage cubist (Andree and Pape, 2023), sorghum: two-stage cubist (Andree and Pape, 2023)"
"Lao PDR","LAO","Eggs (1 Unit, Index Weight = 12), Fish (Catfish) (1 KG, Index Weight = 1), Fish (Tilapia, Farmed) (1 KG, Index Weight = 1), Garlic (Small) (1 KG, Index Weight = 1), Meat (Beef, First Quality) (1 KG, Index Weight = 1), Meat (Buffalo, First Quality) (1 KG, Index Weight = 1), Meat (Chicken) (1 KG, Index Weight = 1), Meat (Pork, First Quality) (1 KG, Index Weight = 1), Oil (Soybean) (1 L, Index Weight = 1), Rice (Glutinous, First Quality) (1 KG, Index Weight = 1), Sugar (Brown) (1 KG, Index Weight = 1)","LAK","Feb 2009","Jul 2024",17,17,11,"eggs: 1902, fish_catfish: 1909, fish_tilapia: 1912, garlic: 1907, meat_beef: 2159, meat_buffalo: 2164, meat_chicken: 2149, meat_pork: 2188, oil: 1899, rice: 2266, sugar: 1774","fuel_diesel: 1788, fuel_petrol_gasoline: 1803","63.23%","77.27%","253.95%","8.45%","-7.69%","4.11%",0.41,0.85,"eggs: 0.99, fish_catfish: 0.98, fish_tilapia: 0.97, garlic: 0.96, meat_beef: 1, meat_buffalo: 0.99, meat_chicken: 0.97, meat_pork: 0.98, oil: 0.98, rice: 0.98, sugar: 0.99","fuel_diesel: 0.93, fuel_petrol_gasoline: 0.98",0.99,"eggs: cubist (Andree, 2021), fish_catfish: cubist (Andree, 2021), fish_tilapia: two-stage cubist (Andree and Pape, 2023), garlic: two-stage cubist (Andree and Pape, 2023), meat_beef: two-stage cubist (Andree and Pape, 2023), meat_buffalo: cubist (Andree, 2021), meat_chicken: cubist (Andree, 2021), meat_pork: cubist (Andree, 2021), oil: cubist (Andree, 2021), rice: cubist (Andree, 2021), sugar: cubist (Andree, 2021), eggs: cubist (Andree, 2021), fish_catfish: cubist (Andree, 2021)"
"Lebanon","LBN","Cabbage (1 KG, Index Weight = 1), Cheese (Picon) (160 G, Index Weight = 6.25), Cucumbers (Greenhouse) (1 KG, Index Weight = 1), Eggs (30 pcs, Index Weight = 0.33), Fish (Sardine, Canned) (125 G, Index Weight = 8), Fish (Tuna, Canned) (185 G, Index Weight = 5.41), Lentils (Red) (1 KG, Index Weight = 1), Lettuce (1 Head, Index Weight = 2), Meat (Beef, Canned) (200 G, Index Weight = 5), Meat (Chicken, Whole, Frozen) (1 KG, Index Weight = 1), Oil (Sunflower) (5 L, Index Weight = 0.2)","LBP","Jan 2012","Jun 2024",27,27,11,"cabbage: 1375, cheese: 2792, cucumbers: 1188, eggs: 2835, fish_sardine_canned: 1395, fish_tuna_canned: 2483, lentils: 1694, lettuce: 780, meat_beef_canned: 2830, meat_chicken_whole_frozen: 1100, oil: 2353","fuel_diesel: 2095, fuel_gas: 2094, fuel_petrol_gasoline_95_octane: 2095","45.83%","4.71%","4471.49%","35.23%","-17.48%","20.93%",0.74,0.99,"cabbage: 0.92, cheese: 0.96, cucumbers: 0.88, eggs: 0.94, fish_sardine_canned: 0.95, fish_tuna_canned: 0.92, lentils: 0.93, lettuce: 0.92, meat_beef_canned: 0.95, meat_chicken_whole_frozen: 0.93, oil: 0.97","fuel_diesel: 0.98, fuel_gas: 0.99, fuel_petrol_gasoline_95_octane: 0.99",0.94,"cabbage: cubist (Andree, 2021), cheese: two-stage cubist (Andree and Pape, 2023), cucumbers: cubist (Andree, 2021), eggs: cubist (Andree, 2021), fish_sardine_canned: cubist (Andree, 2021), fish_tuna_canned: two-stage cubist (Andree and Pape, 2023), lentils: two-stage cubist (Andree and Pape, 2023), lettuce: two-stage cubist (Andree and Pape, 2023), meat_beef_canned: two-stage cubist (Andree and Pape, 2023), meat_chicken_whole_frozen: two-stage cubist (Andree and Pape, 2023), oil: two-stage cubist (Andree and Pape, 2023), cabbage: two-stage cubist (Andree and Pape, 2023), cheese: two-stage cubist (Andree and Pape, 2023), cucumbers: cubist (Andree, 2021)"
"Liberia","LBR","Cassava (Fresh) (50 KG, Index Weight = 0.02), Cowpeas (1 KG, Index Weight = 1), Oil (Palm) (1 Gallon, Index Weight = 0.26), Rice (Imported) (50 KG, Index Weight = 0.02)","LRD","Jan 2007","Aug 2020",24,24,4,"cassava: 1315, cowpeas: 1391, oil: 1427, rice: 1847","exchange_rate_wfp: 1178, fuel_diesel: 915, fuel_petrol_gasoline: 1723","29.24%","0%","294.91%","8.08%","-10.97%","6.56%",0.23,0.55,"cassava: 0.89, cowpeas: 0.94, oil: 0.94, rice: 0.98","exchange_rate_wfp: 0.97, fuel_diesel: 0.96, fuel_petrol_gasoline: 0.93",0.94,"cassava: two-stage cubist (Andree and Pape, 2023), cowpeas: two-stage cubist (Andree and Pape, 2023), oil: two-stage cubist (Andree and Pape, 2023), rice: two-stage cubist (Andree and Pape, 2023), cassava: two-stage cubist (Andree and Pape, 2023), cowpeas: two-stage cubist (Andree and Pape, 2023), oil: two-stage cubist (Andree and Pape, 2023)"
"Libya","LBY","Beans (400 G, Index Weight = 2.5), Bread (5 pcs, Index Weight = 2), Chickpeas (400 G, Index Weight = 2.5), Couscous (1 KG, Index Weight = 1), Eggs (30 pcs, Index Weight = 0.33), Fish (Tuna, Canned) (200 G, Index Weight = 5), Meat (Chicken) (1 KG, Index Weight = 1), Meat (Lamb) (1 KG, Index Weight = 1), Milk (Pasteurized) (1 L, Index Weight = 1), Oil (Vegetable) (1 L, Index Weight = 1), Onions (1 KG, Index Weight = 1), Pasta (500 G, Index Weight = 2), Potatoes (1 KG, Index Weight = 1), Rice (1 KG, Index Weight = 1), Salt (1 KG, Index Weight = 1), Sugar (1 KG, Index Weight = 1), Tea (Black) (250 G, Index Weight = 4), Tomatoes (1 KG, Index Weight = 1), Tomatoes (Paste) (400 G, Index Weight = 2.5), Wheat Flour (1 KG, Index Weight = 1)","LYD","Jan 2017","Apr 2024",40,40,20,"beans: 2245, bread: 2385, chickpeas: 2559, couscous: 2536, eggs: 2573, fish_tuna_canned: 2580, meat_chicken: 2570, meat_lamb: 2544, milk: 2575, oil: 2550, onions: 2567, pasta: 2578, potatoes: 2570, rice: 2561, salt: 2426, sugar: 2571, tea: 2575, tomatoes: 2580, tomatoes_paste: 2559, wheat_flour: 2566","exchange_rate_wfp: 166, water_drinking: 1784","68.1%","25.92%","65.32%","6.78%","-19.84%","8.82%",0.34,0.74,"beans: 0.92, bread: 0.93, chickpeas: 0.91, couscous: 0.89, eggs: 0.96, fish_tuna_canned: 0.88, meat_chicken: 0.94, meat_lamb: 0.98, milk: 0.9, oil: 0.92, onions: 0.85, pasta: 0.89, potatoes: 0.86, rice: 0.9, salt: 0.92, sugar: 0.92, tea: 0.92, tomatoes: 0.82, tomatoes_paste: 0.91, wheat_flour: 0.9","exchange_rate_wfp: 0.99, water_drinking: 0.94",0.91,"beans: cubist (Andree, 2021), bread: cubist (Andree, 2021), chickpeas: cubist (Andree, 2021), couscous: two-stage cubist (Andree and Pape, 2023), eggs: cubist (Andree, 2021), fish_tuna_canned: two-stage cubist (Andree and Pape, 2023), meat_chicken: two-stage cubist (Andree and Pape, 2023), meat_lamb: cubist (Andree, 2021), milk: cubist (Andree, 2021), oil: cubist (Andree, 2021), onions: two-stage cubist (Andree and Pape, 2023), pasta: cubist (Andree, 2021), potatoes: cubist (Andree, 2021), rice: cubist (Andree, 2021), salt: cubist (Andree, 2021), sugar: cubist (Andree, 2021), tea: cubist (Andree, 2021), tomatoes: cubist (Andree, 2021), tomatoes_paste: cubist (Andree, 2021), wheat_flour: cubist (Andree, 2021), beans: two-stage cubist (Andree and Pape, 2023), bread: two-stage cubist (Andree and Pape, 2023)"
"Sri Lanka","LKA","Rice Various (1 KG, Index Weight = 1), Wheat Flour (1 KG, Index Weight = 1)","LKR","Jan 2007","Jul 2024",44,44,2,"rice_various: 2156, wheat_flour: 1361",": ","18.76%","33.24%","939.65%","14.17%","-20.1%","17.96%",0.87,0.99,"rice_various: 0.88, wheat_flour: 0.47",": ",0.73,"rice_various: two-stage cubist (Andree and Pape, 2023), wheat_flour: two-stage cubist (Andree and Pape, 2023)"
"Mali","MLI","Beans (Niebe) (1 KG, Index Weight = 1), Maize (1 KG, Index Weight = 1), Millet (1 KG, Index Weight = 1), Rice (Local) (1 KG, Index Weight = 1), Sorghum (1 KG, Index Weight = 1)","XOF","Jan 2007","Feb 2024",127,127,5,"beans: 8035, maize: 9996, millet: 14321, rice: 13327, sorghum: 12544",": ","43.05%","21.84%","75.63%","3.24%","-41.11%","8.57%",0.52,0.83,"beans: 0.91, maize: 0.91, millet: 0.91, rice: 0.94, sorghum: 0.92",": ",0.92,"beans: cubist (Andree, 2021), maize: cubist (Andree, 2021), millet: cubist (Andree, 2021), rice: cubist (Andree, 2021), sorghum: cubist (Andree, 2021)"
"Myanmar","MMR","Oil (Palm) (1 L, Index Weight = 1), Pulses (1 KG, Index Weight = 1), Rice (Low Quality) (1 KG, Index Weight = 1), Salt (1 KG, Index Weight = 1)","MMK","Jan 2008","Jul 2024",241,241,4,"oil: 6318, pulses: 6584, rice: 9014, salt: 8224",": ","15.56%","31.72%","524.26%","11.61%","-34.83%","12.35%",0.44,0.78,"oil: 0.94, pulses: 0.91, rice: 0.93, salt: 0.91",": ",0.92,"oil: cubist (Andree, 2021), pulses: cubist (Andree, 2021), rice: cubist (Andree, 2021), salt: cubist (Andree, 2021)"
"Mozambique","MOZ","Cowpeas (1 KG, Index Weight = 1), Groundnuts (Small, Shelled) (1 KG, Index Weight = 1), Maize (White) (1 KG, Index Weight = 1), Maize Meal (White, First Grade) (1 KG, Index Weight = 1), Oil (Vegetable, Local) (1 L, Index Weight = 1), Rice (Imported) (1 KG, Index Weight = 1), Sugar (Brown, Local) (1 KG, Index Weight = 1), Wheat Flour (Local) (1 KG, Index Weight = 1)","MZN","Jan 2007","Mar 2024",99,99,8,"cowpeas: 3784, groundnuts: 2949, maize: 4423, maize_meal: 3363, oil: 4352, rice: 4364, sugar: 4416, wheat_flour: 3423",": ","18.42%","5.23%","263.7%","7.58%","-27.33%","7.42%",0.42,0.87,"cowpeas: 0.77, groundnuts: 0.71, maize: 0.94, maize_meal: 0.93, oil: 0.95, rice: 0.94, sugar: 0.96, wheat_flour: 0.91",": ",0.91,"cowpeas: cubist (Andree, 2021), groundnuts: two-stage cubist (Andree and Pape, 2023), maize: cubist (Andree, 2021), maize_meal: cubist (Andree, 2021), oil: cubist (Andree, 2021), rice: cubist (Andree, 2021), sugar: cubist (Andree, 2021), wheat_flour: cubist (Andree, 2021)"
"Mauritania","MRT","Oil (Vegetable) (1 L, Index Weight = 1), Rice (Imported) (1 KG, Index Weight = 1), Sorghum (Taghalit) (1 KG, Index Weight = 1), Sugar (1 KG, Index Weight = 1), Wheat (1 KG, Index Weight = 1), Wheat Flour (1 KG, Index Weight = 1)","MRU","Jan 2007","Mar 2024",34,34,6,"oil: 1872, rice: 1774, sorghum: 1380, sugar: 1863, wheat: 1621, wheat_flour: 511",": ","20.76%","8.54%","66.66%","2.93%","-14.74%","4.79%",0.41,0.82,"oil: 0.93, rice: 0.92, sorghum: 0.88, sugar: 0.9, wheat: 0.89, wheat_flour: 0.93",": ",0.91,"oil: two-stage cubist (Andree and Pape, 2023), rice: two-stage cubist (Andree and Pape, 2023), sorghum: two-stage cubist (Andree and Pape, 2023), sugar: cubist (Andree, 2021), wheat: cubist (Andree, 2021), wheat_flour: two-stage cubist (Andree and Pape, 2023)"
"Malawi","MWI","Beans (1 KG, Index Weight = 1), Cassava (1 KG, Index Weight = 1), Groundnuts (Shelled) (1 KG, Index Weight = 1), Maize (1 KG, Index Weight = 1), Rice (1 KG, Index Weight = 1)","MWK","Jan 2007","Jun 2024",130,130,5,"beans: 6334, cassava: 2087, groundnuts: 3330, maize: 12765, rice: 4572",": ","21.01%","10.29%","972.92%","14.38%","-15.26%","10.58%",0.5,0.82,"beans: 0.91, cassava: 0.85, groundnuts: 0.87, maize: 0.89, rice: 0.9",": ",0.89,"beans: two-stage cubist (Andree and Pape, 2023), cassava: two-stage cubist (Andree and Pape, 2023), groundnuts: two-stage cubist (Andree and Pape, 2023), maize: two-stage cubist (Andree and Pape, 2023), rice: two-stage cubist (Andree and Pape, 2023)"
"Niger","NER","Millet (1 KG, Index Weight = 1), Rice (Imported) (1 KG, Index Weight = 1), Sorghum (1 KG, Index Weight = 1)","XOF","Jan 2007","Jun 2024",79,79,3,"millet: 12335, rice: 11650, sorghum: 11178",": ","69.66%","48.98%","142.27%","5.14%","-23.69%","9.79%",0.45,0.82,"millet: 0.87, rice: 0.94, sorghum: 0.83",": ",0.89,"millet: cubist (Andree, 2021), rice: cubist (Andree, 2021), sorghum: cubist (Andree, 2021)"
"Nigeria","NGA","Bread (1 Unit, Index Weight = 1), Cassava Meal (Gari, Yellow) (100 KG, Index Weight = 0.01), Cowpeas (White) (100 KG, Index Weight = 0.01), Gari (White) (100 KG, Index Weight = 0.01), Groundnuts (Shelled) (100 KG, Index Weight = 0.01), Maize (White) (100 KG, Index Weight = 0.01), Millet (100 KG, Index Weight = 0.01), Rice (Imported) (50 KG, Index Weight = 0.02), Sorghum (White) (100 KG, Index Weight = 0.01), Yam (1 KG, Index Weight = 1)","NGN","Jan 2007","Jan 2023",53,53,10,"bread: 1536, cassava_meal: 1255, cowpeas: 1536, gari: 1430, groundnuts: 1473, maize: 1723, millet: 1610, rice: 1451, sorghum: 1704, yam: 1180","fuel_diesel: 1530, fuel_petrol_gasoline: 1528","13.2%","0%","371.78%","9.18%","-27.11%","9.57%",0.77,0.97,"bread: 0.97, cassava_meal: 0.98, cowpeas: 0.95, gari: 0.98, groundnuts: 0.97, maize: 0.97, millet: 0.97, rice: 0.97, sorghum: 0.96, yam: 0.96","fuel_diesel: 0.97, fuel_petrol_gasoline: 0.99",0.97,"bread: two-stage cubist (Andree and Pape, 2023), cassava_meal: two-stage cubist (Andree and Pape, 2023), cowpeas: two-stage cubist (Andree and Pape, 2023), gari: two-stage cubist (Andree and Pape, 2023), groundnuts: two-stage cubist (Andree and Pape, 2023), maize: two-stage cubist (Andree and Pape, 2023), millet: two-stage cubist (Andree and Pape, 2023), rice: two-stage cubist (Andree and Pape, 2023), sorghum: two-stage cubist (Andree and Pape, 2023), yam: two-stage cubist (Andree and Pape, 2023), bread: two-stage cubist (Andree and Pape, 2023), cassava_meal: two-stage cubist (Andree and Pape, 2023)"
"Philippines","PHL","Beans (Mung) (1 KG, Index Weight = 1), Cabbage (1 KG, Index Weight = 1), Carrots (1 KG, Index Weight = 1), Eggs (1 Unit, Index Weight = 12), Garlic (1 KG, Index Weight = 1), Meat (Beef, Chops With Bones) (1 KG, Index Weight = 1), Meat (Chicken, Whole) (1 KG, Index Weight = 1), Meat (Pork) (1 KG, Index Weight = 1), Onions (Red) (1 KG, Index Weight = 1), Potatoes (Irish) (1 KG, Index Weight = 1), Rice (Regular, Milled) (1 KG, Index Weight = 1), Tomatoes (1 KG, Index Weight = 1)","PHP","Jan 2007","Jul 2024",108,108,12,"beans: 3615, cabbage: 5606, carrots: 5787, eggs: 5087, garlic: 2843, meat_beef_chops: 5489, meat_chicken_whole: 5386, meat_pork: 5913, onions: 5296, potatoes: 4861, rice: 6172, tomatoes: 5785",": ","22.4%","50.66%","112.78%","4.37%","-14.51%","7.03%",0.57,0.6,"beans: 0.88, cabbage: 0.92, carrots: 0.92, eggs: 0.99, garlic: 0.74, meat_beef_chops: 0.98, meat_chicken_whole: 0.97, meat_pork: 0.98, onions: 0.93, potatoes: 0.94, rice: 0.98, tomatoes: 0.91",": ",0.98,"beans: two-stage cubist (Andree and Pape, 2023), cabbage: cubist (Andree, 2021), carrots: cubist (Andree, 2021), eggs: cubist (Andree, 2021), garlic: two-stage cubist (Andree and Pape, 2023), meat_beef_chops: cubist (Andree, 2021), meat_chicken_whole: cubist (Andree, 2021), meat_pork: cubist (Andree, 2021), onions: cubist (Andree, 2021), potatoes: cubist (Andree, 2021), rice: cubist (Andree, 2021), tomatoes: cubist (Andree, 2021)"
"Sudan","SDN","Millet (3.5 KG, Index Weight = 0.29), Sorghum (3 KG, Index Weight = 0.33), Wheat (90 KG, Index Weight = 0.01)","SDG","Jan 2007","Jun 2024",18,18,4,"millet: 2236, sorghum: 2200, sorghum_food_aid: 1044, wheat: 704",": ","40.32%","22.69%","156702.94%","51.66%","-14.44%","26.21%",0.63,0.93,"millet: 0.91, sorghum: 0.92, sorghum_food_aid: 0.9, wheat: 0.88",": ",0.91,"millet: cubist (Andree, 2021), sorghum: cubist (Andree, 2021), sorghum_food_aid: cubist (Andree, 2021), wheat: two-stage cubist (Andree and Pape, 2023)"
"Senegal","SEN","Maize (Local) (1 KG, Index Weight = 1), Millet (1 KG, Index Weight = 1), Rice (Imported) (1 KG, Index Weight = 1), Sorghum (1 KG, Index Weight = 1)","XOF","Jan 2007","Jul 2024",64,64,4,"maize: 7635, millet: 9515, rice: 9357, sorghum: 7028",": ","61.5%","51.07%","117.22%","4.49%","-26.54%","8.16%",0.31,0.8,"maize: 0.79, millet: 0.83, rice: 0.85, sorghum: 0.8",": ",0.82,"maize: cubist (Andree, 2021), millet: cubist (Andree, 2021), rice: cubist (Andree, 2021), sorghum: cubist (Andree, 2021)"
"Somalia","SOM","Maize (White) (1 KG, Index Weight = 1), Oil (Vegetable, Imported) (1 L, Index Weight = 1), Rice (Imported) (1 KG, Index Weight = 1), Sorghum (Red) (1 KG, Index Weight = 1)","SOS","Jan 2007","Sep 2024",44,44,4,"maize: 2618, oil: 1026, rice: 2741, sorghum: 2344","exchange_rate_wfp: 1605, fuel_diesel: 1047","23.28%","26.75%","168.59%","5.75%","-41.74%","11.48%",0.63,0.89,"maize: 0.89, oil: 0.82, rice: 0.89, sorghum: 0.89","exchange_rate_wfp: 0.96, fuel_diesel: 0.87",0.88,"maize: cubist (Andree, 2021), oil: two-stage cubist (Andree and Pape, 2023), rice: cubist (Andree, 2021), sorghum: two-stage cubist (Andree and Pape, 2023), maize: cubist (Andree, 2021), oil: cubist (Andree, 2021)"
"South Sudan","SSD","Beans (Red) (1 KG, Index Weight = 1), Cassava (Dry) (3.5 KG, Index Weight = 0.29), Groundnuts (Shelled) (1 KG, Index Weight = 1), Maize (White) (3.5 KG, Index Weight = 0.29), Millet (White) (3.5 KG, Index Weight = 0.29), Oil (Vegetable) (1 L, Index Weight = 1), Sesame (3.5 KG, Index Weight = 0.29), Sorghum (White, Imported) (3.5 KG, Index Weight = 0.29), Wheat Flour (1 KG, Index Weight = 1)","SSP","Jan 2007","Sep 2024",32,32,9,"beans: 2170, cassava: 418, groundnuts: 1499, maize: 1434, millet: 828, oil: 1960, sesame: 1283, sorghum: 2065, wheat_flour: 1967","fuel_diesel: 1215, fuel_petrol_gasoline: 1275","22.21%","43.43%","198881.08%","53.72%","-34.32%","29.59%",0.71,0.96,"beans: 0.9, cassava: 0.9, groundnuts: 0.88, maize: 0.9, millet: 0.9, oil: 0.89, sesame: 0.89, sorghum: 0.91, wheat_flour: 0.9","fuel_diesel: 0.91, fuel_petrol_gasoline: 0.9",0.89,"beans: cubist (Andree, 2021), cassava: two-stage cubist (Andree and Pape, 2023), groundnuts: cubist (Andree, 2021), maize: cubist (Andree, 2021), millet: cubist (Andree, 2021), oil: cubist (Andree, 2021), sesame: two-stage cubist (Andree and Pape, 2023), sorghum: two-stage cubist (Andree and Pape, 2023), wheat_flour: cubist (Andree, 2021), beans: cubist (Andree, 2021), cassava: cubist (Andree, 2021)"
"Syrian Arab Republic","SYR","Apples (1 KG, Index Weight = 1), Bananas (1 KG, Index Weight = 1), Beans (White) (1 KG, Index Weight = 1), Bread (Bakery) (1.1 KG, Index Weight = 0.91), Bulgur (1 KG, Index Weight = 1), Carrots (1 KG, Index Weight = 1), Cheese (1 KG, Index Weight = 1), Chickpeas (1 KG, Index Weight = 1), Dates (1 KG, Index Weight = 1), Eggplants (1 KG, Index Weight = 1), Eggs (30 pcs, Index Weight = 0.33), Fish (Tuna, Canned) (160 G, Index Weight = 6.25), Lentils (1 KG, Index Weight = 1), Meat (Beef, Minced) (1 KG, Index Weight = 1), Meat (Chicken, Plucked) (1 KG, Index Weight = 1), Oil (1 L, Index Weight = 1), Parsley (1 Packet, Index Weight = 2), Potatoes (1 KG, Index Weight = 1), Rice (1 KG, Index Weight = 1), Salt (Iodised) (1 KG, Index Weight = 1), Sugar (1 KG, Index Weight = 1), Tomatoes (1 KG, Index Weight = 1), Wheat Flour (1 KG, Index Weight = 1), Yogurt (1 KG, Index Weight = 1)","SYP","Feb 2011","Jun 2024",97,97,24,"apples: 4274, bananas: 4093, beans: 4098, bread: 5525, bulgur: 4728, carrots: 3777, cheese: 4726, chickpeas: 4682, dates: 4968, eggplants: 4267, eggs: 4213, fish_tuna_canned: 5046, lentils: 5831, meat_beef_minced: 4418, meat_chicken_plucked: 4280, oil: 6012, parsley: 5035, potatoes: 4161, rice: 5876, salt: 4650, sugar: 5774, tomatoes: 5070, wheat_flour: 5394, yogurt: 5027","exchange_rate_wfp: 4437, fuel_diesel: 5583, fuel_gas: 5505, livestock_sheep_two_year_old_male: 5258, wage_non_qualified_labour: 5382","30.18%","48.95%","10209.85%","40.38%","-15.69%","13.67%",0.57,0.93,"apples: 0.89, bananas: 0.88, beans: 0.92, bread: 0.97, bulgur: 0.94, carrots: 0.9, cheese: 0.95, chickpeas: 0.93, dates: 0.93, eggplants: 0.88, eggs: 0.96, fish_tuna_canned: 0.95, lentils: 0.96, meat_beef_minced: 0.96, meat_chicken_plucked: 0.95, oil: 0.97, parsley: 0.94, potatoes: 0.91, rice: 0.96, salt: 0.93, sugar: 0.96, tomatoes: 0.92, wheat_flour: 0.96, yogurt: 0.94","exchange_rate_wfp: 0.95, fuel_diesel: 0.96, fuel_gas: 0.96, livestock_sheep_two_year_old_male: 0.98, wage_non_qualified_labour: 0.95",0.94,"apples: two-stage cubist (Andree and Pape, 2023), bananas: two-stage cubist (Andree and Pape, 2023), beans: two-stage cubist (Andree and Pape, 2023), bread: cubist (Andree, 2021), bulgur: two-stage cubist (Andree and Pape, 2023), carrots: two-stage cubist (Andree and Pape, 2023), cheese: two-stage cubist (Andree and Pape, 2023), chickpeas: two-stage cubist (Andree and Pape, 2023), dates: two-stage cubist (Andree and Pape, 2023), eggplants: two-stage cubist (Andree and Pape, 2023), eggs: two-stage cubist (Andree and Pape, 2023), fish_tuna_canned: two-stage cubist (Andree and Pape, 2023), lentils: two-stage cubist (Andree and Pape, 2023), meat_beef_minced: cubist (Andree, 2021), meat_chicken_plucked: cubist (Andree, 2021), oil: cubist (Andree, 2021), parsley: cubist (Andree, 2021), potatoes: two-stage cubist (Andree and Pape, 2023), rice: two-stage cubist (Andree and Pape, 2023), salt: cubist (Andree, 2021), sugar: two-stage cubist (Andree and Pape, 2023), tomatoes: two-stage cubist (Andree and Pape, 2023), wheat_flour: cubist (Andree, 2021), yogurt: two-stage cubist (Andree and Pape, 2023), apples: cubist (Andree, 2021), bananas: cubist (Andree, 2021), beans: cubist (Andree, 2021), bread: cubist (Andree, 2021), bulgur: two-stage cubist (Andree and Pape, 2023)"
"Chad","TCD","Maize (White) (1 KG, Index Weight = 1), Millet (1 KG, Index Weight = 1), Rice (Imported) (1 KG, Index Weight = 1), Sorghum (Red) (1 KG, Index Weight = 1)","XAF","Jan 2007","Jan 2024",62,62,4,"maize: 2616, millet: 4407, rice: 2052, sorghum: 3772","livestockgoat_castrated_male: 2545, livestocksheep_castrated_male: 2865","24.32%","10.62%","60.4%","2.71%","-28.22%","9.17%",0.41,0.69,"maize: 0.97, millet: 0.76, rice: 0.98, sorghum: 0.74","livestockgoat_castrated_male: 0.95, livestocksheep_castrated_male: 0.96",0.92,"maize: two-stage cubist (Andree and Pape, 2023), millet: two-stage cubist (Andree and Pape, 2023), rice: two-stage cubist (Andree and Pape, 2023), sorghum: cubist (Andree, 2021), maize: two-stage cubist (Andree and Pape, 2023), millet: cubist (Andree, 2021)"
"Yemen, Rep.","YEM","Beans (Kidney Red) (1 KG, Index Weight = 1), Eggs (1 Unit, Index Weight = 12), Lentils (1 KG, Index Weight = 1), Oil (Vegetable) (1 L, Index Weight = 1), Onions (1 KG, Index Weight = 1), Peas (Yellow, Split) (1 KG, Index Weight = 1), Potatoes (1 KG, Index Weight = 1), Rice (Imported) (1 KG, Index Weight = 1), Salt (1 KG, Index Weight = 1), Sugar (1 KG, Index Weight = 1), Tomatoes (1 KG, Index Weight = 1), Wheat (1 KG, Index Weight = 1), Wheat Flour (1 KG, Index Weight = 1)","YER","Jan 2009","Jul 2024",24,24,13,"beans: 2538, eggs: 2485, lentils: 2442, oil: 2562, onions: 2626, peas: 1993, potatoes: 2583, rice: 2490, salt: 2415, sugar: 2536, tomatoes: 2584, wheat: 2810, wheat_flour: 2841","exchange_rate_wfp: 2261, fuel_diesel: 2492, fuel_gas: 2236, fuel_petrol_gasoline: 2497, milling_cost_wheat: 2116, wage_non_qualified_labour: 2223, wage_qualified_labour: 2045","55.8%","67.6%","613.7%","13.37%","-13.97%","10.72%",0.53,0.7,"beans: 0.95, eggs: 0.97, lentils: 0.94, oil: 0.97, onions: 0.83, peas: 0.88, potatoes: 0.84, rice: 0.96, salt: 0.92, sugar: 0.94, tomatoes: 0.76, wheat: 0.94, wheat_flour: 0.95","exchange_rate_wfp: 0.98, fuel_diesel: 0.91, fuel_gas: 0.91, fuel_petrol_gasoline: 0.91, milling_cost_wheat: 0.93, wage_non_qualified_labour: 0.97, wage_qualified_labour: 0.98",0.95,"beans: cubist (Andree, 2021), eggs: cubist (Andree, 2021), lentils: two-stage cubist (Andree and Pape, 2023), oil: cubist (Andree, 2021), onions: two-stage cubist (Andree and Pape, 2023), peas: cubist (Andree, 2021), potatoes: cubist (Andree, 2021), rice: two-stage cubist (Andree and Pape, 2023), salt: two-stage cubist (Andree and Pape, 2023), sugar: cubist (Andree, 2021), tomatoes: cubist (Andree, 2021), wheat: cubist (Andree, 2021), wheat_flour: cubist (Andree, 2021), beans: cubist (Andree, 2021), eggs: cubist (Andree, 2021), lentils: cubist (Andree, 2021), oil: two-stage cubist (Andree and Pape, 2023), onions: two-stage cubist (Andree and Pape, 2023), peas: cubist (Andree, 2021), potatoes: cubist (Andree, 2021)"
