id,name
2975,Laurence Fishburne
8349,Martin Sheen
8351,Frederic Forrest
8354,Albert Hall
6384,Keanu Reeves
530,Carrie-Anne Moss
1107983,Martin Luther King Jr.
52057,Obba Babatundé
110380,Colin Powell
18471,Anthony Anderson
74611,Tracee Ellis Ross
1407498,Marsai Martin
74568,Chris Hemsworth
226366,Brian Tyree Henry
1245,Scarlett Johansson
47296,Jeffrey Dean Morgan
17637,Taye Diggs
53336,Brandon T. Jackson
2639,Eva Marie Saint
2641,Martin Landau
13724,Jane Alexander
2112,Brock Peters
6193,Leonardo DiCaprio
1892,Matt Damon
514,Jack Nicholson
7796,Illeana Douglas
851784,Mackenzie Foy
89819,Zachary Gordon
92029,Gabriel Bologna
218506,Gretchen Becker
103835,Jeff Monahan
6717,James Marshall
26466,Caroline Kava
18269,Brendan Fraser
928944,Coleman Barks
2022250,Robert Bly
9979,Peter Coyote
2098136,Brian Becker
2098137,Richard Becker
2098138,Blase Bonpane
5606,Sissy Spacek
5632,Jack Fisk
11367,Bradley Whitford
31028,Richard Schiff
21010,Alexandra Hay
101032,Rod McCary
1397846,Craig Barron
2166741,Robert A. Baum Jr.
4001066,Richard Teideman
1197772,David Aaronovitch
3895,Michael Caine
59258,Lewis Black
3392,Michael Douglas
564,Richard Linklater
584,Philip K. Dick
32233,Tommy Pallotta
1357063,Darrin Prescott
40644,Chad Stahelski
1779512,Jackson Spidell
1776,Francis Ford Coppola
38803,Roman Coppola
64,Gary Oldman
21127,Bobby Cannavale
1692944,Heidi Schreck
30020,Michael J. Nelson
30022,Kevin Murphy
68833,Bill Corbett
9340,Lana Wachowski
9339,Lilly Wachowski
4789367,Cáel M. Keegan
529,Guy Pearce
532,Joe Pantoliano
180659,Rosa Parks
1280183,Coretta Scott King
181934,Al Sharpton
496175,Carmelo Anthony
2102583,Andrew Cohen
73988,Lyndon B. Johnson
21111,John F. Kennedy
1006651,John Lewis
23626,Liev Schreiber
937663,Neil Amdur
1931175,Bob Beamon
2954,Jeffrey Wright
33663,Donald Trump
2301996,Mike Pence
2787630,Valentin Zorin
89289,Jesse Jackson
2803017,Arthur John Birch
2803001,Haroldson Lafayette Hunt
1165240,Jason Alan Carvell
2855535,Jack O'Dell
2939212,Clarence Jones
214317,Ben Bradlee
13716,Carl Bernstein
117180,Tom Brokaw
237876,Sarah-Jane Sauvegrain
1050881,Jacqueline Kennedy
12951,O.J. Simpson
2998183,Nicole Brown Simpson
1231277,Marcia Clark
7172,James Brown
21112,Hubert H. Humphrey
1038,Jodie Foster
4173,Anthony Hopkins
349,Scott Glenn
2535,Vivica A. Fox
225620,Rudolph Moise
1122373,Marion Barry
1122374,Chuck Brown
1122375,Lewis Franklin
1507609,Bob Coen
1507612,Francis E. Boyle
1507613,Jean Patterson
19011,George W. Bush
146687,Tony Blair
74266,Dick Cheney
1884692,Susannah Kenton
2701107,Eugene Chang
1897,Bernie Mac
77896,Bill Bellamy
1224841,Mo Willems
539,Thomas Lennon
111513,Yvette Nicole Brown
2395,Whoopi Goldberg
1735828,Halle Bailey
53397,Christina Aguilera
170497,Norman Lear
4491,Jennifer Aniston
56322,Amy Poehler
2682390,Gerd Ludwig
2227,Nicole Kidman
4430,Sharon Stone
14837,Carol Burnett
5823,Julie Andrews
3141,Marisa Tomei
1068417,Bethann Hardison
77072,Tyson Beckford
56367,Naomi Campbell
14386,Beyoncé
84932,Jay-Z
1680929,Blue Ivy Carter
102786,Barack Obama
128550,Desmond Tutu
2320880,Sundar Pichai
3223,Robert Downey Jr.
16828,Chris Evans
103,Mark Ruffalo
10850,Kevin Feige
87173,Craig Kyle
91606,Tom Hiddleston
16483,Sylvester Stallone
1100,Arnold Schwarzenegger
1218634,Harvey Levin
587506,Shameik Moore
543505,Jake Johnson
130640,Hailee Steinfeld
73421,Joaquin Phoenix
380,Robert De Niro
1545693,Zazie Beetz
515,Glenn Close
1650331,Jeremy O. Harris
350,Laura Linney
2165,Rosanna Arquette
4726,Marcia Gay Harden
6968,Hugh Jackman
3894,Christian Bale
61110,Fred Armisen
7447,Alec Baldwin
2054851,Roman Griffin Davis
1356758,Thomasin McKenzie
2240369,Bert Stern
82280,Louis Armstrong
40092,Twiggy
5656,Noah Baumbach
1023139,Adam Driver
172069,Chadwick Boseman
1215522,Robin Roberts
1896,Don Cheadle
525,Christopher Nolan
15556,Rebecca Hall
53768,Anita Pallenberg
1430,Keith Richards
1232333,Angela Richards
40389,Bernadette Peters
5699,Patti LuPone
221611,Jonathan Groff
65717,Jon Hamm
1338266,2 Chainz
2136301,Lil Baby
56978,Jennifer Rubin
43902,Erik Palladino
84164,Billy Jayne
21029,Billy Burke
1661329,Lorraine Devon Wilke
219688,Billy Aronson
1277412,Martha Banta
17828,Michael Barnathan
40036,Taraji P. Henson
1394997,Tituss Burgess
131722,Ciara
